{"timeButtonTookToRespond":6068.907265000045,"timeToButtonVisible":26.035856001079082}