{"timeButtonTookToRespond":34.420129999518394,"timeToButtonVisible":26.421477004885674}