{
  "timeToButtonVisible": 26.160718992352486,
  "timeButtonTookToRespond": 25082.837748005986,
  "secondButtonClickResponseTime": 20.5351479947567,
  "hadToWaitForNetworkIdleAndClickAgain": true
}