{
  "timeToButtonVisible": 1027.4185229986906,
  "timeButtonTookToRespond": 20.090128995478153
}