{
  "timeToButtonVisible": 132.08037300407887,
  "timeButtonTookToRespond": 6266.00448500365
}